{"cameraMode":{"drawMode":0,"name":"Shaded","section":"Shading Mode"},"sceneLighting":true,"audioPlay":false,"sceneViewState":{"showFog":true,"showMaterialUpdate":false,"showSkybox":true,"showFlares":true,"showImageEffects":true,"showParticleSystems":true},"in2DMode":false,"pivot":{"x":5.858024597167969,"y":3.836458921432495,"z":0.13763046264648438},"rotation":{"x":-0.1746947020292282,"y":0.485365092754364,"z":-0.09965227544307709,"w":-0.8508654236793518},"size":6.037933826446533,"orthographic":false}