{"cameraMode":{"drawMode":0,"name":"Shaded","section":"Shading Mode"},"sceneLighting":false,"audioPlay":false,"sceneViewState":{"showFog":true,"showMaterialUpdate":false,"showSkybox":true,"showFlares":true,"showImageEffects":true,"showParticleSystems":true},"in2DMode":false,"pivot":{"x":-0.039510905742645267,"y":0.9909125566482544,"z":0.04920370876789093},"rotation":{"x":-0.22010748088359834,"y":0.3383300304412842,"z":-0.08172016590833664,"w":-0.9112668633460999},"size":2.8812100887298586,"orthographic":false}